Student_ID,Attendance,Communication_Skills,Leadership,Technical_Skill,Teamwork,Problem_Solving_Skill,Creativity_Skill,Adaptability_Skill
S1000,88,10,2,5,7,3,7,10
S1001,78,2,9,10,9,10,10,10
S1002,64,6,5,4,2,7,3,3
S1003,92,1,8,10,4,10,8,10
S1004,57,3,2,5,7,3,3,6
S1005,70,5,6,5,1,4,1,1
S1006,88,4,3,6,2,2,10,5
S1007,68,3,10,10,9,3,5,10
S1008,72,10,5,10,10,9,2,6
S1009,60,5,8,6,7,3,10,8
S1010,60,8,10,8,10,5,6,9
S1011,73,4,1,8,7,2,10,3
S1012,85,1,5,9,6,4,9,2
S1013,89,7,3,8,3,7,1,4
S1014,73,8,4,2,10,7,4,8
S1015,52,3,2,10,3,3,1,8
S1016,71,6,9,1,2,5,1,3
S1017,51,2,3,10,6,1,8,4
S1018,73,7,2,2,4,10,2,3
S1019,93,8,10,2,5,10,1,10
S1020,79,6,9,3,3,10,8,2
S1021,87,6,7,10,6,1,4,4
S1022,51,5,6,7,3,5,3,6
S1023,70,8,1,2,8,10,4,5
S1024,82,1,5,1,9,9,5,3
S1025,61,10,3,6,4,1,1,2
S1026,71,4,1,9,9,1,1,9
S1027,93,4,4,3,7,4,3,1
S1028,74,3,2,6,3,4,6,9
S1029,98,3,2,3,7,2,1,1
S1030,76,4,3,1,1,9,2,7
S1031,91,1,8,5,3,9,7,6
S1032,77,2,8,10,6,2,1,7
S1033,65,9,7,4,4,9,7,3
S1034,64,10,6,7,7,6,4,3
S1035,96,2,9,6,3,8,10,1
S1036,100,5,4,10,1,10,6,4
S1037,93,9,1,7,9,4,8,2
S1038,52,9,8,5,6,2,9,10
S1039,86,8,7,4,8,2,6,8
S1040,100,1,7,7,3,9,9,3
S1041,56,1,3,7,8,1,4,7
S1042,70,9,4,6,2,7,6,7
S1043,58,8,10,8,4,3,8,9
S1044,88,10,9,4,3,3,9,6
S1045,67,9,6,10,10,2,3,1
S1046,53,7,5,5,1,10,2,8
S1047,74,3,3,4,7,6,6,1
S1048,63,3,9,1,10,10,4,3
S1049,99,2,5,8,2,2,1,5
S1050,58,5,5,1,4,10,8,8
S1051,75,3,4,5,9,4,9,9
S1052,51,6,4,6,6,10,9,7
S1053,69,2,1,6,8,9,2,9
S1054,77,3,7,5,2,9,9,3
S1055,96,5,9,3,7,6,7,5
S1056,56,1,3,5,6,4,5,10
S1057,93,1,2,8,9,7,7,8
S1058,57,10,3,2,7,1,9,1
S1059,96,9,1,6,1,4,8,8
S1060,84,7,6,9,8,5,6,7
S1061,63,1,7,8,10,8,4,1
S1062,66,8,2,8,3,2,1,10
S1063,85,3,8,8,2,5,6,10
S1064,99,8,6,7,3,6,3,6
S1065,89,5,4,8,6,5,6,1
S1066,53,1,5,6,3,9,6,2
S1067,51,7,8,2,10,10,4,5
S1068,55,5,3,2,5,1,2,2
S1069,91,6,3,8,6,3,9,10
S1070,53,6,4,1,8,2,2,1
S1071,78,8,1,6,7,3,3,6
S1072,67,9,9,6,8,10,10,8
S1073,75,2,8,4,3,9,1,8
S1074,93,9,8,10,4,9,7,8
S1075,83,10,10,3,6,10,1,6
S1076,59,9,6,3,7,2,9,3
S1077,85,10,7,1,9,3,1,1
S1078,63,10,6,3,1,4,5,2
S1079,80,7,9,4,8,9,7,5
S1080,97,1,3,5,8,3,3,10
S1081,64,7,3,3,6,7,9,5
S1082,57,10,3,6,4,3,8,10
S1083,63,5,10,5,3,7,3,1
S1084,72,6,3,3,3,7,5,1
S1085,89,10,9,6,6,9,7,9
S1086,70,7,4,6,8,2,4,2
S1087,65,5,7,8,7,6,5,7
S1088,94,7,9,2,1,9,3,10
S1089,67,9,7,1,6,2,9,4
S1090,96,3,9,4,7,2,10,7
S1091,73,8,3,7,7,5,9,8
S1092,75,2,4,10,9,10,7,5
S1093,74,7,8,3,10,10,10,1
S1094,94,2,6,3,5,10,2,4
S1095,90,4,5,5,1,8,7,10
S1096,78,7,4,5,2,9,7,3
S1097,64,3,8,10,4,2,5,10
S1098,94,2,1,3,5,5,9,5
S1099,50,10,9,9,9,7,3,10
S1100,74,7,1,4,1,6,4,10
S1101,56,1,8,3,3,6,1,6
S1102,58,8,4,2,5,7,6,2
S1103,73,3,9,10,3,3,4,7
S1104,50,2,5,9,4,3,1,3
S1105,93,3,3,4,3,10,2,1
S1106,57,5,9,3,4,9,3,10
S1107,73,8,9,7,1,8,9,3
S1108,60,10,4,8,8,5,8,9
S1109,100,7,4,2,4,6,7,10
S1110,66,7,8,7,7,10,4,6
S1111,57,7,2,5,2,1,1,6
S1112,84,8,9,5,2,10,8,4
S1113,84,1,6,3,6,1,4,8
S1114,82,4,9,5,2,4,3,5
S1115,54,6,8,2,6,2,9,7
S1116,91,9,7,4,2,7,10,9
S1117,88,2,1,6,4,2,4,5
S1118,90,1,3,1,7,10,4,5
S1119,77,10,2,10,8,2,9,4
S1120,56,2,5,4,3,5,2,6
S1121,58,7,5,6,9,4,5,2
S1122,57,3,5,9,2,8,4,3
S1123,61,10,4,2,8,4,9,1
S1124,83,2,5,7,8,6,5,2
S1125,82,7,3,6,4,5,9,2
S1126,97,2,1,2,1,2,9,8
S1127,72,3,5,8,1,8,2,8
S1128,73,7,9,7,2,2,9,2
S1129,86,4,9,5,9,9,3,6
S1130,84,1,4,5,2,9,4,5
S1131,93,5,3,7,2,3,1,3
S1132,89,9,1,9,6,4,1,5
S1133,71,8,2,9,7,8,1,5
S1134,76,9,8,9,7,9,9,5
S1135,84,10,1,6,9,3,8,3
S1136,50,9,8,10,6,5,5,3
S1137,84,7,7,6,8,8,5,4
S1138,86,4,8,3,6,3,9,7
S1139,96,5,6,1,2,7,3,2
S1140,63,1,9,7,1,8,3,10
S1141,52,1,3,4,5,10,7,4
S1142,50,3,10,1,9,3,9,4
S1143,54,8,4,8,8,2,6,1
S1144,75,2,6,6,4,10,2,10
S1145,63,4,8,6,5,7,1,8
S1146,88,2,5,2,5,9,2,1
S1147,76,5,3,1,6,1,1,8
S1148,58,9,6,2,3,3,10,7
S1149,64,1,4,4,5,5,10,9
S1150,64,5,9,2,2,3,9,8
S1151,75,9,3,1,10,1,10,5
S1152,91,1,4,7,1,7,8,8
S1153,62,9,7,8,1,7,7,10
S1154,100,8,7,6,10,10,3,3
S1155,81,4,4,4,7,8,8,10
S1156,88,10,6,6,2,5,2,7
S1157,98,5,3,3,4,10,2,4
S1158,81,5,6,8,5,5,10,5
S1159,53,6,2,10,7,5,3,9
S1160,79,7,8,2,2,1,7,7
S1161,86,8,2,5,6,10,1,4
S1162,72,8,7,1,1,5,8,6
S1163,88,2,9,6,7,6,7,10
S1164,94,9,1,2,9,1,4,7
S1165,64,7,8,4,5,7,5,10
S1166,92,4,7,6,5,1,10,9
S1167,78,4,6,10,4,2,1,4
S1168,85,8,6,8,3,2,4,10
S1169,62,4,6,8,9,5,1,3
S1170,81,6,9,6,5,10,1,8
S1171,56,5,2,4,8,7,10,1
S1172,100,3,1,8,9,1,1,9
S1173,71,10,6,8,5,10,7,1
S1174,77,2,10,10,10,1,7,2
S1175,51,9,8,1,9,1,4,8
S1176,91,10,3,4,2,6,2,9
S1177,94,9,10,4,9,2,3,7
S1178,55,1,1,7,4,1,8,3
S1179,77,10,9,7,6,6,8,7
S1180,77,3,1,8,6,2,6,6
S1181,93,8,3,5,6,6,10,2
S1182,93,6,8,7,2,10,9,3
S1183,69,5,3,8,7,8,9,10
S1184,79,5,4,9,6,2,4,10
S1185,60,6,8,3,1,9,1,5
S1186,77,7,1,3,2,8,1,10
S1187,74,1,6,4,7,10,10,4
S1188,88,9,1,5,1,1,5,2
S1189,82,3,1,10,1,7,2,4
S1190,50,4,8,1,1,10,6,8
S1191,76,10,4,7,8,6,7,5
S1192,62,1,1,9,4,6,1,5
S1193,90,10,10,8,4,6,6,10
S1194,52,3,7,5,2,6,8,3
S1195,88,2,5,4,1,10,5,8
S1196,55,2,5,7,10,7,7,6
S1197,57,1,1,5,9,3,10,2
S1198,76,8,10,7,7,6,6,2
S1199,58,3,6,1,4,3,4,9
S1200,86,3,9,1,6,7,7,7
S1201,82,6,9,10,2,7,10,10
S1202,100,8,8,3,7,8,9,9
S1203,91,9,5,2,2,2,10,6
S1204,93,9,1,2,10,9,10,5
S1205,73,4,9,7,8,5,7,1
S1206,64,5,1,10,8,9,5,6
S1207,81,2,8,2,1,10,7,6
S1208,81,9,5,4,8,5,3,3
S1209,73,8,3,2,2,7,2,3
S1210,90,3,7,6,6,9,5,3
S1211,98,9,7,8,1,4,4,3
S1212,98,3,9,10,5,2,5,7
S1213,61,9,7,4,7,9,8,10
S1214,88,2,3,5,10,2,4,2
S1215,51,10,1,4,1,3,9,10
S1216,52,9,8,3,2,10,7,10
S1217,98,8,3,5,7,2,10,2
S1218,86,9,8,9,6,3,7,3
S1219,98,5,8,8,3,6,8,10
S1220,66,2,5,8,10,3,6,7
S1221,98,8,1,8,2,10,8,3
S1222,51,6,10,8,10,8,3,7
S1223,51,8,7,7,4,6,10,9
S1224,77,5,10,8,3,7,10,10
S1225,72,10,5,8,7,1,1,4
S1226,86,2,8,8,8,3,6,7
S1227,81,6,9,10,2,3,1,9
S1228,82,5,7,7,10,2,9,8
S1229,50,5,7,1,7,7,2,8
S1230,68,1,1,4,8,9,2,9
S1231,51,2,4,4,6,4,7,5
S1232,93,8,2,5,6,5,2,5
S1233,75,3,2,10,10,3,10,3
S1234,81,10,2,6,1,9,8,5
S1235,55,3,4,4,4,4,6,8
S1236,81,8,1,2,1,5,7,5
S1237,53,8,4,6,4,1,7,4
S1238,60,2,2,8,2,2,6,8
S1239,66,8,5,8,5,9,10,7
S1240,87,1,3,7,10,2,9,6
S1241,73,6,8,6,9,5,9,5
S1242,54,8,4,2,10,8,7,5
S1243,83,3,1,7,3,3,9,10
S1244,55,8,1,5,8,6,10,2
S1245,71,1,10,6,3,4,3,4
S1246,60,9,3,10,6,7,3,8
S1247,97,9,9,8,4,10,1,8
S1248,65,5,7,8,8,3,5,1
S1249,82,10,2,3,6,6,4,2
S1250,58,4,9,7,8,10,2,5
S1251,55,6,10,1,1,9,9,9
S1252,65,7,2,1,6,10,3,10
S1253,78,5,3,7,1,1,8,7
S1254,52,10,10,10,1,3,6,10
S1255,69,9,2,9,8,2,5,5
S1256,85,3,3,7,7,8,1,1
S1257,68,7,6,10,3,7,4,6
S1258,75,10,9,5,6,2,3,8
S1259,52,10,9,8,9,6,1,7
S1260,68,5,7,2,7,3,5,2
S1261,69,7,3,9,3,8,6,5
S1262,81,2,4,6,6,10,2,4
S1263,56,4,6,9,4,3,3,9
S1264,90,2,5,2,3,10,6,10
S1265,82,7,2,3,9,9,4,1
S1266,89,2,6,8,10,1,9,6
S1267,88,1,3,1,2,5,5,3
S1268,67,9,8,10,1,3,4,9
S1269,89,1,2,7,2,6,2,5
S1270,50,8,1,7,7,10,6,6
S1271,60,2,9,1,10,2,10,9
S1272,77,8,3,9,1,9,2,9
S1273,74,3,1,8,6,6,7,8
S1274,99,6,7,4,7,7,3,9
S1275,72,3,10,10,9,5,9,4
S1276,80,7,5,5,8,9,5,6
S1277,79,10,5,2,6,1,8,5
S1278,91,9,1,9,3,5,6,5
S1279,84,2,9,6,8,10,10,4
S1280,56,5,7,3,7,6,8,2
S1281,65,6,8,7,3,7,3,6
S1282,75,4,9,9,9,4,3,9
S1283,97,4,6,3,2,1,5,1
S1284,98,4,5,2,3,8,10,7
S1285,51,2,6,7,2,10,3,6
S1286,50,4,2,7,1,4,8,3
S1287,97,1,4,4,4,3,10,1
S1288,61,6,3,9,5,7,8,4
S1289,54,1,7,8,6,2,2,9
S1290,86,10,9,1,5,8,4,2
S1291,81,6,5,1,1,6,10,3
S1292,58,1,6,5,3,7,1,2
S1293,90,6,10,6,1,5,4,2
S1294,84,10,2,3,5,9,4,10
S1295,68,8,3,9,5,5,10,8
S1296,97,2,3,10,6,5,9,3
S1297,65,2,9,6,8,3,3,7
S1298,52,4,7,4,10,1,2,8
S1299,69,3,8,7,1,2,9,3
S1300,73,4,10,8,4,8,9,2
S1301,82,7,9,9,10,1,1,8
S1302,73,1,6,6,1,7,6,3
S1303,60,6,4,6,9,5,10,7
S1304,98,3,1,8,7,3,8,1
S1305,57,10,8,5,7,7,3,6
S1306,85,7,7,3,5,9,9,9
S1307,87,10,2,3,7,2,2,3
S1308,89,2,8,6,2,8,6,7
S1309,69,2,5,2,4,9,1,6
S1310,84,4,7,6,7,3,7,8
S1311,97,1,4,6,3,2,3,3
S1312,74,3,5,8,2,7,7,3
S1313,84,9,8,7,10,5,4,4
S1314,74,7,1,8,2,5,9,3
S1315,78,7,1,9,1,10,5,9
S1316,67,4,4,6,5,5,3,4
S1317,95,2,3,3,6,4,8,6
S1318,67,4,10,10,6,5,6,8
S1319,51,6,2,3,9,4,2,8
S1320,84,3,3,1,4,6,3,5
S1321,65,1,1,5,1,4,8,5
S1322,90,8,1,4,6,2,10,6
S1323,85,5,6,9,5,9,7,10
S1324,82,5,5,9,10,2,10,7
S1325,53,4,8,5,6,9,6,10
S1326,82,6,2,10,3,10,1,7
S1327,63,3,4,4,2,6,9,4
S1328,70,9,8,7,6,9,3,6
S1329,97,5,6,6,1,9,5,7
S1330,69,3,1,4,7,3,7,5
S1331,57,1,4,10,7,1,7,5
S1332,56,10,1,2,10,1,3,2
S1333,52,6,2,1,7,3,4,7
S1334,66,2,5,4,10,5,10,6
S1335,82,3,8,4,1,3,7,1
S1336,97,1,8,1,4,9,8,4
S1337,61,9,3,6,7,9,2,3
S1338,100,8,4,4,9,3,9,3
S1339,71,2,10,1,5,3,7,7
S1340,71,8,6,1,2,5,8,10
S1341,95,9,10,1,7,2,6,4
S1342,79,1,3,8,10,6,6,8
S1343,87,5,2,10,1,7,9,9
S1344,87,8,6,8,7,9,4,3
S1345,94,2,5,2,6,6,5,5
S1346,100,4,10,7,7,3,9,4
S1347,57,7,5,8,10,5,1,10
S1348,76,3,10,8,3,4,4,6
S1349,76,5,5,10,3,5,7,10
S1350,83,8,10,7,7,8,9,4
S1351,70,10,5,5,2,8,10,8
S1352,79,3,3,1,1,6,6,3
S1353,82,4,7,9,9,1,8,5
S1354,77,9,6,7,9,8,9,1
S1355,96,7,4,2,7,8,10,6
S1356,82,1,2,6,7,2,4,5
S1357,54,4,9,2,3,4,1,8
S1358,97,4,1,1,10,2,8,9
S1359,68,9,4,7,2,4,2,8
S1360,53,6,1,2,7,10,1,8
S1361,84,9,6,2,9,7,7,3
S1362,98,6,4,5,1,9,10,4
S1363,66,6,5,5,4,8,9,4
S1364,93,5,5,7,6,9,9,5
S1365,77,5,9,1,7,8,3,9
S1366,79,2,1,8,10,2,6,9
S1367,78,8,2,3,7,7,7,10
S1368,95,8,6,4,10,2,10,1
S1369,55,1,5,9,2,2,9,8
S1370,84,8,7,4,4,4,2,1
S1371,90,5,3,10,5,1,8,2
S1372,86,2,3,5,1,5,7,7
S1373,73,2,10,7,1,6,4,8
S1374,78,6,2,4,10,9,2,1
S1375,98,9,3,1,3,10,8,3
S1376,95,1,10,9,10,8,5,7
S1377,80,6,1,4,3,2,6,9
S1378,84,9,5,9,8,1,7,8
S1379,82,8,5,6,9,2,10,8
S1380,70,6,7,1,1,7,1,9
S1381,81,3,4,3,2,4,8,10
S1382,72,8,3,2,10,10,4,3
S1383,82,9,1,9,2,5,9,8
S1384,52,1,8,1,4,7,1,1
S1385,67,9,3,9,2,3,2,8
S1386,74,6,2,9,7,10,6,7
S1387,91,6,4,8,9,2,10,8
S1388,80,4,3,8,7,7,1,1
S1389,52,1,1,1,6,5,4,6
S1390,89,10,3,8,10,1,8,7
S1391,95,8,2,10,1,1,10,5
S1392,73,2,8,3,10,9,5,5
S1393,99,1,6,7,9,5,9,7
S1394,81,2,9,1,5,1,6,3
S1395,96,1,8,1,5,7,1,6
S1396,71,1,10,10,6,9,6,7
S1397,72,9,3,5,9,1,6,1
S1398,51,1,5,5,8,10,6,2
S1399,76,4,7,8,8,4,8,4
S1400,91,10,5,7,8,3,6,8
S1401,51,6,8,8,1,5,5,10
S1402,75,7,5,6,1,7,2,6
S1403,66,2,1,6,8,8,4,1
S1404,89,6,5,2,5,2,10,10
S1405,82,7,4,6,9,7,5,5
S1406,58,10,6,5,2,1,10,7
S1407,92,10,3,3,9,7,4,6
S1408,97,2,5,6,8,8,2,9
S1409,88,2,2,8,9,2,7,8
S1410,78,10,6,9,4,9,10,4
S1411,91,7,6,1,1,1,10,5
S1412,75,1,5,3,1,6,2,7
S1413,84,8,6,3,5,1,1,8
S1414,99,3,7,8,2,3,5,5
S1415,74,6,5,1,8,6,1,9
S1416,73,9,1,5,10,3,1,10
S1417,62,6,8,3,5,8,1,4
S1418,56,9,4,2,5,5,6,4
S1419,85,7,9,8,2,2,9,8
S1420,94,9,10,3,7,4,10,1
S1421,69,2,6,7,8,9,1,8
S1422,50,8,1,1,10,4,5,5
S1423,57,8,3,6,1,10,9,1
S1424,95,2,3,3,2,10,9,4
S1425,65,4,10,8,10,8,1,2
S1426,63,7,4,6,4,5,8,4
S1427,61,4,6,2,5,10,1,8
S1428,100,4,7,6,2,1,8,5
S1429,72,6,10,7,1,7,1,1
S1430,64,10,4,5,9,3,5,7
S1431,77,6,6,3,1,10,8,1
S1432,83,10,1,4,4,8,6,9
S1433,51,3,8,4,2,3,9,3
S1434,81,9,7,6,4,1,1,3
S1435,72,10,9,10,8,5,9,6
S1436,71,2,3,1,8,2,1,10
S1437,100,6,2,4,9,4,10,6
S1438,74,7,1,10,5,1,10,6
S1439,71,9,3,4,7,9,3,1
S1440,71,3,5,10,3,6,1,5
S1441,98,10,2,1,10,8,3,6
S1442,91,3,3,9,4,4,2,8
S1443,55,7,4,4,10,9,2,1
S1444,64,4,7,7,9,2,9,5
S1445,92,8,3,3,10,9,8,3
S1446,86,7,9,10,10,5,1,2
S1447,82,5,8,3,1,6,4,8
S1448,57,7,4,8,2,3,1,7
S1449,93,3,1,8,5,4,1,10
S1450,93,2,1,1,3,6,4,7
S1451,54,6,1,10,2,7,2,5
S1452,88,2,1,2,1,1,3,9
S1453,53,3,8,8,10,7,9,5
S1454,55,6,3,1,3,1,2,2
S1455,94,5,6,8,1,5,4,3
S1456,81,8,3,8,1,6,1,4
S1457,79,9,5,2,1,2,2,5
S1458,96,3,7,4,8,10,5,3
S1459,84,10,2,6,3,9,10,7
S1460,89,3,6,9,1,10,1,5
S1461,65,3,6,8,7,6,7,5
S1462,62,6,3,8,10,7,4,6
S1463,99,1,6,7,3,10,6,7
S1464,91,7,10,9,8,8,8,10
S1465,79,1,10,2,4,10,6,10
S1466,68,5,5,3,4,1,2,8
S1467,66,10,2,10,5,8,1,9
S1468,68,8,9,8,6,4,8,4
S1469,77,4,8,6,7,10,8,5
S1470,75,5,3,10,4,8,9,5
S1471,86,4,8,9,8,6,6,8
S1472,75,4,9,10,6,9,1,9
S1473,72,8,3,4,1,4,9,7
S1474,58,2,3,8,1,2,3,5
S1475,61,1,2,10,9,2,6,3
S1476,50,3,8,3,10,5,10,1
S1477,50,9,10,3,6,10,10,9
S1478,96,4,1,8,10,9,9,5
S1479,83,10,8,5,8,3,3,9
S1480,81,5,7,3,7,8,5,10
S1481,97,2,7,10,6,4,5,4
S1482,74,4,3,1,4,6,10,5
S1483,89,2,1,3,7,10,7,4
S1484,94,2,4,9,9,6,4,2
S1485,50,4,9,5,10,3,4,1
S1486,65,6,5,10,10,5,7,8
S1487,88,7,1,2,7,3,9,4
S1488,54,10,5,7,1,1,4,5
S1489,71,3,8,2,10,7,4,6
S1490,78,3,8,4,9,4,6,8
S1491,52,10,5,7,4,7,6,8
S1492,61,6,9,4,3,3,7,7
S1493,75,3,1,7,4,5,1,4
S1494,65,2,4,7,4,5,3,6
S1495,100,8,3,1,10,2,9,4
S1496,86,5,2,6,2,10,6,7
S1497,71,1,8,9,1,2,6,1
S1498,78,3,7,2,10,4,5,5
S1499,63,10,9,3,1,4,3,10
S1500,77,8,2,10,8,4,5,10
S1501,54,4,4,5,2,6,1,4
S1502,96,7,6,9,10,2,3,7
S1503,98,10,3,4,5,6,4,9
S1504,79,2,8,1,4,7,5,5
S1505,95,7,3,4,8,10,10,4
S1506,54,5,2,6,2,3,9,9
S1507,61,5,3,5,10,8,4,5
S1508,65,6,6,1,9,2,3,9
S1509,75,9,2,4,7,8,10,8
S1510,75,6,8,6,7,5,1,4
S1511,97,8,1,10,1,2,10,7
S1512,70,7,7,10,2,7,6,5
S1513,88,9,2,4,4,2,7,10
S1514,85,4,10,9,4,6,10,4
S1515,82,2,6,5,3,10,8,5
S1516,79,7,2,8,7,3,1,5
S1517,86,6,2,9,8,9,4,9
S1518,72,1,10,10,2,3,5,9
S1519,59,9,8,5,4,3,2,6
S1520,54,9,2,6,3,5,1,4
S1521,85,2,7,1,2,7,8,2
S1522,83,3,3,7,6,8,6,3
S1523,80,5,8,4,4,7,5,2
S1524,59,5,7,2,6,9,9,5
S1525,68,1,8,5,2,5,2,6
S1526,81,8,7,3,4,10,10,5
S1527,50,8,6,6,6,3,8,2
S1528,54,4,7,8,5,6,10,5
S1529,94,7,5,7,3,5,9,9
S1530,53,10,7,3,8,4,1,4
S1531,65,3,1,8,7,2,7,10
S1532,73,6,1,2,3,7,8,2
S1533,65,10,9,10,6,5,3,3
S1534,51,10,5,9,4,4,4,3
S1535,98,9,5,4,5,8,3,9
S1536,77,1,3,1,5,9,7,4
S1537,81,5,5,8,7,9,9,1
S1538,76,4,3,7,5,3,3,1
S1539,69,8,9,5,3,3,6,7
S1540,73,1,9,10,10,5,8,7
S1541,61,9,6,5,5,5,6,2
S1542,99,6,1,7,7,10,2,9
S1543,84,4,7,5,5,2,7,9
S1544,82,9,7,8,5,1,2,5
S1545,82,5,10,6,9,8,2,3
S1546,100,5,10,5,3,3,2,3
S1547,92,5,4,9,6,1,1,3
S1548,86,1,8,2,1,1,1,6
S1549,61,1,6,1,10,2,7,4
S1550,52,8,4,8,5,6,5,8
S1551,50,8,4,3,8,6,3,5
S1552,82,6,2,7,5,3,1,1
S1553,89,4,2,10,9,4,10,9
S1554,59,2,4,8,6,2,6,1
S1555,92,2,5,6,8,2,1,6
S1556,93,9,8,10,10,7,9,1
S1557,78,5,6,9,8,1,2,3
S1558,62,4,4,7,3,7,1,10
S1559,61,10,7,10,7,1,7,5
S1560,80,1,8,5,7,6,6,10
S1561,95,7,2,8,10,3,6,7
S1562,51,3,7,2,6,8,5,10
S1563,100,6,2,7,7,6,4,8
S1564,99,5,2,4,2,2,4,9
S1565,84,5,8,9,9,8,3,6
S1566,72,5,2,1,10,5,10,9
S1567,66,1,9,7,10,8,8,8
S1568,75,1,1,6,1,8,7,9
S1569,57,3,9,8,1,6,9,10
S1570,78,10,1,5,3,2,1,4
S1571,75,4,10,1,3,8,7,9
S1572,59,5,10,1,1,6,10,7
S1573,75,2,2,9,7,6,4,5
S1574,83,8,6,10,4,8,7,5
S1575,100,2,6,6,10,1,1,1
S1576,90,9,1,10,2,2,5,2
S1577,56,2,7,5,10,9,3,10
S1578,53,9,8,1,5,8,5,3
S1579,99,7,2,6,6,7,4,8
S1580,94,8,8,6,9,7,2,6
S1581,60,2,9,3,4,5,4,10
S1582,78,7,6,8,2,2,3,5
S1583,85,6,5,1,5,6,1,1
S1584,74,4,9,1,3,10,10,9
S1585,70,7,9,6,2,3,8,3
S1586,85,4,1,10,1,4,5,3
S1587,59,2,3,1,10,10,4,2
S1588,86,10,9,6,2,2,10,4
S1589,58,7,2,1,6,2,5,2
S1590,73,8,4,6,8,8,4,9
S1591,84,2,4,3,3,8,3,10
S1592,98,5,2,8,9,10,5,7
S1593,84,1,3,6,9,6,4,8
S1594,97,7,3,1,2,5,1,3
S1595,85,8,1,5,8,8,3,6
S1596,67,6,6,8,10,4,10,10
S1597,98,5,8,3,5,4,10,6
S1598,88,6,3,6,4,5,8,1
S1599,81,2,5,5,10,1,7,6
S1600,73,1,1,6,5,1,2,3
S1601,72,7,10,10,4,2,1,3
S1602,81,7,7,1,8,8,3,3
S1603,86,10,10,7,4,7,5,10
S1604,61,10,1,9,10,10,10,10
S1605,98,2,9,2,6,9,1,8
S1606,62,2,8,10,2,5,3,5
S1607,72,1,7,5,5,2,3,4
S1608,74,10,10,10,6,7,5,9
S1609,84,8,7,4,5,8,3,9
S1610,90,8,5,6,2,7,9,1
S1611,79,1,5,6,7,7,1,2
S1612,66,8,5,2,4,5,4,8
S1613,98,9,1,2,8,2,10,5
S1614,69,4,8,4,7,6,10,7
S1615,97,1,1,1,7,4,4,1
S1616,74,1,4,9,9,10,1,10
S1617,71,3,9,7,1,2,2,5
S1618,62,5,9,7,10,9,1,3
S1619,68,5,5,3,6,7,6,10
S1620,98,9,4,3,6,6,3,2
S1621,85,10,3,1,6,5,7,2
S1622,61,2,3,3,6,3,5,9
S1623,90,2,5,3,10,10,9,4
S1624,68,6,10,4,7,10,7,4
S1625,61,9,1,4,10,4,4,7
S1626,58,1,5,3,6,3,5,10
S1627,56,9,6,10,1,8,5,10
S1628,77,9,7,8,3,3,5,2
S1629,63,9,9,8,2,7,10,3
S1630,80,5,3,1,6,7,9,3
S1631,68,9,2,7,8,7,10,6
S1632,96,4,3,2,3,7,3,3
S1633,65,2,9,1,10,2,6,5
S1634,54,6,7,3,8,10,8,4
S1635,84,4,9,4,8,3,9,3
S1636,61,6,2,6,5,10,7,8
S1637,74,3,5,10,8,9,3,10
S1638,70,6,4,5,6,3,1,3
S1639,85,2,2,4,5,2,4,6
S1640,72,2,9,8,9,9,6,7
S1641,65,9,9,4,7,10,3,7
S1642,88,7,6,10,8,9,1,2
S1643,94,3,6,2,1,4,6,3
S1644,91,1,8,3,2,9,1,10
S1645,88,8,6,6,8,3,9,10
S1646,63,6,1,8,9,7,1,4
S1647,80,7,4,8,4,7,6,7
S1648,54,9,7,9,10,8,1,2
S1649,84,5,2,7,10,10,7,3
S1650,72,1,9,2,9,4,3,7
S1651,78,10,8,8,4,3,6,7
S1652,92,7,8,7,10,3,7,10
S1653,60,5,7,8,10,5,1,3
S1654,67,3,4,3,10,1,1,1
S1655,96,9,2,7,9,10,5,3
S1656,61,1,3,10,7,3,6,5
S1657,58,1,6,9,2,6,9,7
S1658,59,1,5,3,9,3,1,4
S1659,93,3,8,10,4,5,4,1
S1660,66,6,6,6,8,9,10,6
S1661,87,10,6,2,7,2,8,2
S1662,56,3,1,2,7,2,10,3
S1663,95,8,4,5,8,6,9,4
S1664,62,10,5,5,1,6,3,6
S1665,89,2,3,7,5,8,2,6
S1666,91,9,9,2,2,2,4,7
S1667,58,3,1,7,2,9,2,5
S1668,99,5,6,5,1,2,1,7
S1669,76,10,6,6,5,1,3,2
S1670,51,8,10,8,2,10,7,1
S1671,54,2,5,10,4,2,1,10
S1672,78,6,5,4,3,7,2,8
S1673,86,5,10,7,3,8,1,1
S1674,87,10,5,6,2,5,8,2
S1675,68,9,6,10,6,6,5,10
S1676,57,5,8,2,2,1,8,6
S1677,97,2,2,8,8,6,3,1
S1678,94,5,6,10,8,8,7,10
S1679,50,4,1,9,5,3,8,3
S1680,71,7,4,5,10,1,6,7
S1681,66,6,10,10,7,4,7,8
S1682,56,2,3,4,4,1,2,4
S1683,74,5,9,6,1,8,8,3
S1684,94,7,3,8,2,5,5,1
S1685,53,7,6,3,10,1,7,9
S1686,85,5,1,10,10,8,1,10
S1687,55,9,6,1,4,9,5,6
S1688,80,4,4,4,1,10,1,6
S1689,68,3,8,4,8,2,8,9
S1690,93,4,9,1,9,9,4,1
S1691,88,5,4,9,4,8,4,6
S1692,76,6,10,3,10,7,2,5
S1693,59,3,10,5,3,3,5,6
S1694,75,2,6,6,2,2,1,8
S1695,68,4,1,8,5,7,9,5
S1696,88,5,4,6,3,5,5,2
S1697,52,4,7,3,10,6,6,2
S1698,94,3,1,6,7,4,2,10
S1699,62,8,8,1,6,2,10,5
S1700,99,10,10,4,1,9,10,3
S1701,77,4,6,6,8,3,1,10
S1702,69,2,5,7,2,7,4,3
S1703,77,2,10,10,5,8,7,8
S1704,57,1,9,3,9,2,6,7
S1705,90,4,2,9,8,6,10,1
S1706,88,10,5,7,2,8,1,5
S1707,50,9,6,1,9,7,1,9
S1708,52,7,7,2,5,3,8,4
S1709,62,10,5,1,10,1,4,1
S1710,77,7,9,9,6,6,5,8
S1711,98,7,1,9,3,8,7,5
S1712,74,8,7,7,3,6,8,2
S1713,82,1,10,10,10,5,10,1
S1714,87,10,7,3,8,8,7,3
S1715,55,10,4,5,10,2,2,9
S1716,93,8,9,4,10,1,4,1
S1717,94,4,5,7,2,1,10,4
S1718,81,4,4,9,2,4,1,8
S1719,94,4,7,2,5,6,10,8
S1720,96,6,4,8,6,9,9,10
S1721,70,7,3,9,2,1,3,8
S1722,65,6,9,10,5,1,3,10
S1723,70,1,8,10,7,5,10,8
S1724,60,8,1,9,10,10,9,4
S1725,86,10,7,10,10,5,10,8
S1726,85,7,9,7,8,5,3,9
S1727,84,6,8,9,7,10,8,7
S1728,68,6,8,9,8,6,2,2
S1729,69,5,6,3,9,8,3,9
S1730,67,6,4,4,5,3,2,8
S1731,96,9,8,2,5,9,1,5
S1732,90,10,3,10,10,1,2,3
S1733,98,9,9,3,4,4,8,7
S1734,63,10,2,5,9,9,9,2
S1735,64,8,2,5,5,8,2,3
S1736,80,10,7,6,2,10,7,9
S1737,50,9,10,7,10,9,5,4
S1738,52,10,4,7,8,1,3,4
S1739,65,8,10,1,7,9,9,3
S1740,72,8,8,2,8,3,6,5
S1741,60,1,9,9,3,10,1,3
S1742,61,10,7,10,4,9,5,9
S1743,59,5,5,2,5,1,7,3
S1744,81,4,8,6,6,1,4,2
S1745,65,2,4,1,1,9,8,5
S1746,57,8,2,3,4,6,10,6
S1747,87,3,6,2,10,4,5,1
S1748,61,4,9,3,5,7,9,6
S1749,73,7,1,5,7,5,9,10
S1750,77,10,10,10,5,10,9,3
S1751,57,9,7,6,1,7,1,4
S1752,77,2,10,9,7,8,2,6
S1753,85,3,9,10,8,8,3,8
S1754,75,4,10,4,7,1,4,9
S1755,57,10,9,7,4,8,10,6
S1756,99,1,10,6,8,6,9,7
S1757,77,7,3,2,5,4,10,5
S1758,77,2,5,10,10,8,6,9
S1759,86,5,8,8,9,3,1,4
S1760,90,1,8,7,10,4,9,10
S1761,85,3,4,7,5,6,6,6
S1762,76,2,1,8,1,7,4,5
S1763,66,1,1,1,9,4,4,1
S1764,58,7,4,1,5,4,3,5
S1765,82,5,6,8,6,7,7,5
S1766,69,1,8,4,4,6,3,9
S1767,62,6,6,5,6,8,2,1
S1768,77,5,9,8,8,1,10,5
S1769,97,3,9,5,3,10,8,7
S1770,78,7,2,10,5,7,4,6
S1771,62,10,10,4,2,7,8,6
S1772,95,9,1,6,2,7,1,7
S1773,84,9,2,5,7,7,5,6
S1774,55,9,5,7,10,10,9,5
S1775,67,2,4,10,10,10,1,10
S1776,100,3,4,7,10,8,4,5
S1777,54,7,9,4,6,9,6,9
S1778,96,5,8,5,4,9,10,8
S1779,74,2,6,3,5,2,8,10
S1780,51,3,1,4,1,7,3,4
S1781,59,10,2,4,7,7,5,4
S1782,79,6,6,3,8,4,7,10
S1783,99,7,2,10,9,9,1,5
S1784,94,9,10,5,8,8,7,3
S1785,54,1,5,5,5,1,8,8
S1786,82,7,5,7,3,2,8,7
S1787,50,8,6,4,10,2,9,5
S1788,67,3,6,4,9,8,6,10
S1789,81,4,6,9,6,1,6,3
S1790,96,10,2,6,5,4,2,5
S1791,98,6,10,4,3,10,3,3
S1792,60,10,3,2,6,5,4,10
S1793,70,7,6,6,3,9,4,5
S1794,75,4,8,2,10,7,8,1
S1795,74,8,1,5,6,8,1,6
S1796,71,5,1,6,4,9,10,10
S1797,76,1,2,4,2,7,4,4
S1798,98,4,6,3,8,5,4,4
S1799,62,3,9,7,4,5,1,8
S1800,82,9,4,2,9,10,3,2
S1801,83,8,3,6,7,6,5,4
S1802,90,1,8,4,2,5,6,2
S1803,84,6,10,6,4,9,9,1
S1804,50,9,9,4,5,3,9,10
S1805,70,7,5,4,3,3,9,3
S1806,97,4,9,4,9,7,1,8
S1807,55,1,2,9,5,7,9,6
S1808,77,2,3,7,2,6,8,7
S1809,66,5,7,3,3,3,2,2
S1810,54,5,7,3,9,7,1,6
S1811,80,8,6,6,7,5,1,8
S1812,54,6,6,6,2,7,6,8
S1813,87,8,2,4,9,2,9,4
S1814,52,2,10,9,4,6,7,6
S1815,72,3,6,4,9,8,5,5
S1816,86,6,4,9,2,1,2,9
S1817,86,10,3,4,10,4,1,8
S1818,59,3,2,2,4,1,2,2
S1819,59,6,1,2,5,1,1,7
S1820,68,6,5,5,2,10,3,7
S1821,66,2,2,4,10,8,6,1
S1822,70,7,2,7,1,7,8,1
S1823,63,2,7,5,7,10,3,4
S1824,58,6,8,6,10,1,10,5
S1825,95,1,10,10,1,2,9,4
S1826,50,3,8,4,8,4,10,7
S1827,100,2,4,2,3,1,5,3
S1828,94,7,1,10,10,3,7,7
S1829,62,4,7,9,6,8,8,8
S1830,53,8,1,10,7,8,3,6
S1831,50,6,4,7,10,8,2,6
S1832,98,10,8,4,1,6,2,8
S1833,89,4,2,3,6,6,5,8
S1834,81,5,6,10,7,5,1,7
S1835,83,9,6,3,6,9,2,6
S1836,77,7,9,9,4,4,9,6
S1837,80,10,5,5,1,10,7,10
S1838,57,9,10,3,9,7,6,6
S1839,88,7,4,5,4,1,9,8
S1840,75,1,5,2,7,9,7,1
S1841,83,8,10,4,7,7,5,5
S1842,52,4,5,10,2,10,9,3
S1843,99,3,8,2,1,9,6,8
S1844,61,7,10,2,8,7,6,6
S1845,50,3,8,8,8,2,4,2
S1846,93,8,2,1,7,6,1,7
S1847,54,6,7,7,8,10,5,7
S1848,79,5,8,5,3,4,9,5
S1849,79,4,6,8,2,3,8,8
S1850,66,8,5,1,7,2,8,5
S1851,97,8,9,7,8,6,5,1
S1852,96,1,3,5,1,8,9,9
S1853,72,9,10,4,10,6,3,4
S1854,64,5,4,7,9,9,3,2
S1855,86,4,9,10,4,5,1,4
S1856,70,6,6,2,4,2,9,9
S1857,63,6,8,1,3,8,6,2
S1858,51,2,7,1,6,9,2,4
S1859,60,8,2,1,1,10,8,2
S1860,100,7,3,5,6,4,9,5
S1861,88,1,1,10,2,6,9,3
S1862,87,5,9,7,9,10,2,10
S1863,83,6,7,2,2,8,2,2
S1864,87,4,1,10,7,9,7,9
S1865,99,2,3,8,1,5,4,5
S1866,83,4,4,4,7,6,1,10
S1867,67,1,4,3,5,4,8,5
S1868,79,7,5,10,8,5,2,1
S1869,64,2,3,8,4,7,3,6
S1870,76,2,3,2,10,9,5,7
S1871,100,9,1,3,7,10,3,1
S1872,83,5,7,3,6,6,7,9
S1873,87,2,10,10,5,6,7,8
S1874,82,9,1,1,4,8,2,8
S1875,73,9,2,6,7,4,7,7
S1876,64,1,4,2,5,3,6,5
S1877,79,3,4,1,5,7,10,3
S1878,91,4,5,2,1,5,9,9
S1879,100,7,2,6,2,2,9,7
S1880,66,10,4,4,5,2,2,10
S1881,54,4,1,6,3,6,7,10
S1882,78,2,2,9,2,8,5,8
S1883,53,7,1,10,4,1,6,6
S1884,59,6,10,10,4,6,1,5
S1885,66,3,10,8,4,2,7,8
S1886,59,6,4,1,4,2,6,3
S1887,66,6,4,8,3,7,4,7
S1888,69,5,7,9,7,10,1,2
S1889,73,4,10,6,9,1,9,3
S1890,54,10,9,10,5,6,4,2
S1891,83,1,9,5,4,7,2,5
S1892,55,10,5,6,2,8,8,7
S1893,51,6,10,6,2,7,2,10
S1894,62,2,1,9,5,6,5,10
S1895,92,3,1,4,7,9,6,1
S1896,92,8,6,2,10,3,8,10
S1897,97,10,2,9,10,6,1,9
S1898,60,6,8,2,9,4,1,1
S1899,100,3,9,10,7,2,4,1
S1900,96,7,4,9,5,1,5,10
S1901,72,4,5,2,10,1,9,8
S1902,65,9,8,8,10,10,7,6
S1903,80,5,3,9,10,3,7,6
S1904,60,3,5,10,6,4,8,9
S1905,65,2,3,9,3,2,5,4
S1906,57,2,10,10,5,1,5,8
S1907,53,3,3,9,8,4,1,4
S1908,89,2,3,2,1,7,9,2
S1909,53,4,7,4,1,10,6,8
S1910,74,2,7,7,7,6,9,7
S1911,52,10,7,2,5,6,3,4
S1912,81,9,10,1,5,9,5,9
S1913,52,2,8,3,1,2,2,9
S1914,76,9,5,4,9,4,10,8
S1915,78,6,5,8,1,5,5,1
S1916,81,1,4,6,5,1,8,7
S1917,99,4,7,2,10,8,2,5
S1918,100,1,10,9,9,8,8,7
S1919,68,6,4,2,4,6,4,9
S1920,70,4,2,5,8,5,10,2
S1921,54,3,4,4,6,8,10,4
S1922,67,3,8,7,3,3,1,4
S1923,77,9,9,8,4,3,5,2
S1924,91,6,3,5,2,2,1,3
S1925,71,9,7,10,1,5,7,8
S1926,70,5,9,5,8,3,8,9
S1927,55,2,4,2,1,3,3,6
S1928,50,8,10,8,1,6,3,10
S1929,54,5,3,2,4,8,7,2
S1930,90,2,5,10,10,2,4,2
S1931,61,4,1,6,10,4,3,7
S1932,75,9,3,8,6,7,8,8
S1933,95,4,8,6,9,1,3,8
S1934,83,4,8,4,1,1,7,6
S1935,98,2,4,4,7,10,2,10
S1936,63,6,2,6,10,7,1,8
S1937,75,2,8,4,5,7,6,1
S1938,94,7,8,8,8,1,8,9
S1939,76,3,10,9,7,1,1,1
S1940,58,3,4,1,4,4,10,3
S1941,75,5,3,4,4,5,9,9
S1942,96,3,2,4,6,5,3,5
S1943,71,2,9,2,6,4,3,9
S1944,96,10,1,6,9,8,4,9
S1945,79,9,7,3,5,7,1,6
S1946,92,2,5,7,8,9,9,1
S1947,97,2,8,5,5,7,3,10
S1948,66,8,4,4,2,10,10,7
S1949,75,9,7,5,6,1,4,6
S1950,85,7,5,8,9,7,1,9
S1951,50,3,5,3,3,1,4,7
S1952,57,9,9,7,1,7,1,4
S1953,98,3,9,6,1,10,5,7
S1954,84,5,9,1,3,8,5,2
S1955,64,9,6,7,10,9,7,6
S1956,96,3,6,7,5,3,8,6
S1957,71,7,5,1,3,4,4,2
S1958,63,1,9,9,9,4,7,4
S1959,75,4,10,6,8,9,4,8
S1960,77,4,8,2,3,7,3,8
S1961,72,7,7,5,9,3,6,8
S1962,63,8,7,4,6,10,4,8
S1963,73,1,6,7,7,5,3,1
S1964,51,5,5,8,4,7,9,2
S1965,94,7,4,1,4,8,5,4
S1966,75,4,3,5,2,1,7,9
S1967,63,4,3,3,5,2,6,3
S1968,100,4,6,1,8,7,10,6
S1969,56,6,4,3,7,2,5,7
S1970,52,7,6,6,7,7,7,8
S1971,96,2,3,7,6,9,6,7
S1972,72,5,4,8,3,2,10,3
S1973,95,4,9,4,5,7,2,6
S1974,92,3,5,3,1,4,3,5
S1975,96,7,7,5,7,2,2,10
S1976,94,6,10,9,9,7,3,4
S1977,67,7,2,6,1,5,1,1
S1978,87,5,5,9,2,1,8,7
S1979,84,6,9,6,3,5,6,8
S1980,100,5,3,2,3,3,2,2
S1981,64,7,9,5,8,7,8,7
S1982,74,2,6,9,7,6,6,6
S1983,86,5,4,8,6,8,7,5
S1984,77,6,7,7,10,5,1,4
S1985,59,6,8,1,10,2,7,2
S1986,88,5,6,4,4,9,3,10
S1987,66,10,5,7,9,8,8,6
S1988,88,7,6,7,1,6,6,5
S1989,71,10,5,6,2,10,4,2
S1990,75,8,8,8,4,7,8,10
S1991,93,7,1,6,3,9,9,7
S1992,74,5,7,10,1,7,10,6
S1993,66,1,10,3,5,3,2,9
S1994,62,5,10,4,7,6,6,10
S1995,69,10,2,3,2,7,5,5
S1996,74,2,9,1,5,2,5,9
S1997,53,5,1,10,6,3,10,9
S1998,59,5,10,5,7,4,3,1
S1999,52,2,6,1,1,10,8,5
S2000,90,5,9,1,7,6,8,9
S2001,94,4,1,2,4,1,5,7
S2002,67,1,4,4,8,9,8,6
S2003,96,3,4,6,4,5,10,6
S2004,85,1,9,8,6,7,8,7
S2005,96,5,5,3,9,9,3,1
S2006,71,4,5,1,5,9,2,4
S2007,83,7,6,3,4,1,9,1
S2008,96,5,1,3,8,1,2,6
S2009,57,10,1,5,9,3,9,4
S2010,89,4,9,4,4,6,4,1
S2011,98,2,3,4,3,2,2,9
S2012,93,4,4,9,8,10,10,4
S2013,68,2,1,7,5,1,1,6
S2014,91,8,9,4,2,1,4,7
S2015,90,3,8,3,10,5,9,8
S2016,86,9,2,6,9,4,9,9
S2017,55,4,8,3,3,1,4,9
S2018,75,6,7,6,2,4,9,8
S2019,83,10,6,9,1,3,6,10
S2020,94,5,1,6,8,2,1,3
S2021,55,10,7,4,3,9,10,2
S2022,86,1,10,5,7,1,6,5
S2023,82,9,7,6,1,7,9,1
S2024,71,1,9,3,1,4,2,3
S2025,70,8,1,8,9,5,6,1
S2026,55,9,2,4,8,10,2,3
S2027,55,9,9,8,3,5,4,4
S2028,97,1,9,10,6,1,8,7
S2029,53,2,6,10,3,6,7,5
S2030,79,1,6,3,4,9,9,5
S2031,60,10,4,10,1,2,7,1
S2032,79,2,4,7,5,7,1,8
S2033,80,10,5,9,1,6,2,4
S2034,73,8,3,4,1,5,6,10
S2035,58,5,1,8,10,4,7,5
S2036,52,7,1,3,7,4,3,2
S2037,100,2,7,7,6,6,9,1
S2038,80,8,1,3,2,4,7,9
S2039,89,6,1,7,2,5,6,2
S2040,86,8,3,10,7,6,6,6
S2041,85,1,10,10,1,5,1,1
S2042,73,1,4,6,2,7,5,1
S2043,80,7,4,2,8,9,10,9
S2044,55,8,2,3,6,10,3,4
S2045,51,3,1,6,2,7,7,9
S2046,69,5,3,4,7,7,10,5
S2047,77,1,4,6,4,4,3,7
S2048,60,7,3,1,2,1,5,1
S2049,53,5,8,10,6,8,7,6
S2050,64,8,10,1,9,4,3,8
S2051,55,8,1,3,9,1,10,1
S2052,98,9,2,8,8,5,2,9
S2053,79,7,7,8,3,8,6,3
S2054,87,1,4,4,3,4,8,1
S2055,100,3,8,6,2,8,4,1
S2056,51,8,3,8,5,8,9,6
S2057,64,3,6,7,4,3,8,6
S2058,60,8,9,7,7,9,7,1
S2059,57,1,1,4,4,3,7,3
S2060,75,5,1,9,9,1,3,7
S2061,100,4,8,10,2,2,6,10
S2062,94,5,3,6,6,6,5,3
S2063,93,8,5,3,7,10,1,3
S2064,54,10,1,5,4,2,3,3
S2065,55,4,5,5,6,6,1,7
S2066,75,4,6,5,7,1,4,4
S2067,53,3,8,8,4,1,10,4
S2068,68,7,3,9,8,5,3,3
S2069,69,3,3,9,9,10,4,10
S2070,82,3,10,6,1,9,9,9
S2071,69,10,9,6,7,8,3,2
S2072,98,5,4,9,9,3,6,4
S2073,61,5,4,4,10,3,6,8
S2074,96,6,7,6,5,1,7,6
S2075,50,8,2,4,2,3,9,7
S2076,75,10,8,1,10,1,7,7
S2077,63,6,6,7,6,8,1,2
S2078,87,1,3,10,7,1,8,4
S2079,86,8,9,6,2,5,5,10
S2080,60,8,5,9,2,9,9,10
S2081,85,9,8,7,10,7,10,6
S2082,62,9,7,7,10,4,5,3
S2083,92,2,8,2,1,9,5,9
S2084,52,2,7,9,4,9,2,4
S2085,82,3,3,10,7,2,3,10
S2086,55,1,2,9,9,10,10,2
S2087,99,4,7,6,3,10,9,6
S2088,59,4,3,3,7,6,7,1
S2089,54,9,3,1,7,4,1,6
S2090,72,9,2,4,7,8,3,10
S2091,59,9,4,3,2,7,2,1
S2092,93,10,8,1,6,7,1,8
S2093,51,7,1,3,2,10,9,5
S2094,62,2,1,4,6,9,8,6
S2095,89,10,5,8,10,5,5,2
S2096,51,5,5,9,3,6,2,2
S2097,69,4,1,3,2,1,1,9
S2098,50,8,6,6,6,6,7,3
S2099,86,2,1,10,2,2,2,6
S2100,58,6,5,5,5,6,1,10
S2101,66,5,9,6,2,9,2,5
S2102,58,2,5,4,3,8,7,4
S2103,60,10,6,10,3,9,7,10
S2104,64,1,8,6,6,10,10,2
S2105,73,8,1,7,6,8,6,8
S2106,87,2,2,9,10,3,5,10
S2107,84,7,9,10,3,8,3,7
S2108,79,9,3,7,3,6,3,2
S2109,80,9,6,6,1,6,9,6
S2110,98,8,5,1,7,6,4,8
S2111,54,10,2,2,8,3,9,7
S2112,93,9,7,1,2,10,4,1
S2113,99,2,4,9,4,1,2,5
S2114,63,6,1,10,10,4,4,2
S2115,60,4,4,10,7,10,6,6
S2116,58,4,6,9,8,6,6,7
S2117,83,5,7,7,1,10,5,7
S2118,61,3,7,2,4,2,1,3
S2119,84,1,7,6,6,7,3,7
S2120,84,8,3,4,3,7,5,5
S2121,50,5,6,1,5,4,6,8
S2122,89,3,8,1,10,4,1,8
S2123,71,10,4,5,9,1,9,7
S2124,78,7,8,2,3,2,3,6
S2125,57,7,2,4,5,9,10,2
S2126,60,1,10,1,8,10,3,6
S2127,90,9,9,4,6,8,2,9
S2128,86,2,9,6,4,8,8,2
S2129,63,5,8,10,8,9,3,1
S2130,79,5,10,4,3,7,6,5
S2131,84,8,10,1,3,9,2,6
S2132,70,8,1,7,4,10,7,3
S2133,86,7,2,2,9,2,4,8
S2134,54,7,6,9,5,6,9,7
S2135,68,6,10,3,8,3,10,2
S2136,63,6,5,8,6,6,9,7
S2137,75,9,9,8,3,3,7,1
S2138,53,6,5,3,8,8,8,9
S2139,74,2,2,4,9,4,3,7
S2140,94,2,10,2,8,10,5,6
S2141,91,5,4,4,4,6,2,2
S2142,74,4,9,9,6,9,10,3
S2143,67,2,1,2,1,2,7,1
S2144,89,3,1,3,4,2,8,10
S2145,57,7,7,4,8,7,9,5
S2146,88,8,3,5,1,2,7,9
S2147,89,6,10,1,3,2,10,6
S2148,63,5,2,7,1,4,10,5
S2149,81,1,9,10,9,9,8,3
S2150,100,8,3,7,2,8,9,5
S2151,87,3,2,9,9,2,6,8
S2152,82,6,8,4,4,8,10,2
S2153,72,3,10,6,2,4,2,5
S2154,64,7,6,2,4,2,2,6
S2155,82,7,6,4,10,10,4,10
S2156,74,9,10,2,6,7,9,8
S2157,66,5,7,10,7,6,7,8
S2158,82,8,7,5,3,10,2,5
S2159,96,10,6,7,3,5,8,9
S2160,51,10,4,1,10,1,7,4
S2161,63,8,9,10,8,2,9,9
S2162,89,1,6,10,5,8,8,7
S2163,89,5,4,7,4,1,3,6
S2164,100,3,3,10,7,3,1,4
S2165,88,1,4,6,7,2,2,2
S2166,100,4,3,6,9,5,2,8
S2167,55,8,2,8,9,4,4,6
S2168,55,3,5,8,5,7,6,3
S2169,52,10,2,6,8,5,4,7
S2170,56,2,6,3,10,8,9,10
S2171,100,9,3,5,1,4,4,7
S2172,57,10,6,2,9,6,6,6
S2173,91,5,10,5,8,4,6,2
S2174,64,7,9,9,6,2,10,8
S2175,96,2,1,10,3,1,10,1
S2176,78,9,6,1,3,1,1,1
S2177,82,9,9,10,8,8,8,6
S2178,79,4,4,5,5,4,3,5
S2179,88,4,2,6,10,5,6,9
S2180,76,6,4,7,7,8,3,7
S2181,85,10,1,9,5,7,2,2
S2182,78,10,3,6,8,8,5,7
S2183,87,10,10,5,10,8,1,3
S2184,82,6,9,7,10,6,9,1
S2185,86,1,10,1,4,10,7,8
S2186,76,9,5,5,2,2,3,3
S2187,82,2,6,2,3,6,4,8
S2188,53,5,3,4,8,1,6,7
S2189,71,9,5,7,7,1,3,2
S2190,51,4,8,5,2,3,7,1
S2191,59,3,6,6,6,3,6,7
S2192,54,7,4,2,9,5,9,1
S2193,59,6,2,3,4,1,5,6
S2194,82,8,9,7,9,10,4,10
S2195,87,3,1,2,2,6,3,10
S2196,62,5,1,6,2,7,10,8
S2197,80,10,4,5,9,10,1,7
S2198,96,4,7,10,7,3,3,4
S2199,85,4,1,1,7,4,3,1
S2200,94,4,9,10,1,10,7,1
S2201,73,10,4,4,6,10,7,4
S2202,64,8,3,2,7,10,1,5
S2203,78,6,1,4,6,10,3,7
S2204,57,3,10,1,6,10,8,4
S2205,54,10,4,2,2,3,9,10
S2206,78,5,9,8,6,1,7,1
S2207,96,6,10,6,4,8,7,10
S2208,53,5,6,2,9,10,8,7
S2209,61,6,6,6,1,10,6,2
S2210,94,8,1,10,8,2,3,2
S2211,51,7,10,9,5,1,1,8
S2212,76,5,2,7,1,8,7,10
S2213,80,10,6,9,4,7,1,10
S2214,100,6,2,5,1,7,1,10
S2215,100,4,3,7,6,4,9,5
S2216,85,9,4,7,2,9,10,10
S2217,85,4,5,3,5,6,7,2
S2218,75,1,9,7,7,2,4,5
S2219,92,7,4,1,2,1,6,8
S2220,76,7,9,9,6,1,1,6
S2221,54,4,10,10,6,9,7,3
S2222,69,3,3,6,5,4,6,8
S2223,60,8,8,5,5,5,4,9
S2224,59,5,1,7,3,3,7,5
S2225,89,10,9,5,10,4,3,2
S2226,87,7,9,10,10,8,1,2
S2227,55,4,10,5,2,4,4,7
S2228,57,4,2,10,7,9,3,1
S2229,72,8,4,7,1,9,1,10
S2230,96,8,8,10,6,6,2,2
S2231,75,2,7,7,6,2,5,10
S2232,95,2,1,3,3,10,8,4
S2233,92,3,5,3,2,7,1,1
S2234,61,3,7,10,2,9,4,4
S2235,75,1,4,3,9,6,4,10
S2236,62,3,1,6,5,3,5,5
S2237,89,6,9,6,7,7,7,9
S2238,67,8,5,3,5,5,8,1
S2239,74,10,2,3,7,1,6,5
S2240,82,6,8,8,4,3,1,2
S2241,96,5,2,8,8,5,7,9
S2242,89,4,3,7,10,7,3,6
S2243,92,3,10,10,10,3,6,2
S2244,61,4,1,4,7,6,8,3
S2245,93,7,2,4,10,5,7,8
S2246,85,1,7,3,5,1,10,1
S2247,97,7,10,5,6,10,6,3
S2248,53,1,2,3,5,6,9,10
S2249,54,2,6,8,7,8,9,1
S2250,86,4,3,7,2,1,1,8
S2251,57,1,4,3,5,2,1,1
S2252,91,9,8,9,10,4,1,5
S2253,98,6,3,5,3,2,8,4
S2254,77,1,10,9,9,9,10,7
S2255,80,1,6,7,6,10,7,5
S2256,58,6,1,7,10,8,3,8
S2257,100,4,7,6,3,8,2,1
S2258,78,4,8,2,7,4,4,5
S2259,63,6,8,9,4,5,3,4
S2260,89,7,3,6,3,4,7,3
S2261,90,9,10,8,8,9,10,5
S2262,71,10,1,1,4,2,8,10
S2263,60,5,9,5,1,8,6,3
S2264,72,9,6,1,6,2,3,8
S2265,50,4,9,10,10,1,6,3
S2266,95,10,7,8,1,10,2,1
S2267,86,2,1,8,5,3,7,9
S2268,70,3,1,1,7,9,10,9
S2269,75,1,6,9,6,3,7,6
S2270,95,6,5,2,2,9,4,10
S2271,85,6,9,9,4,7,8,1
S2272,72,1,2,1,2,10,4,8
S2273,50,3,8,10,1,1,7,2
S2274,100,5,5,9,3,10,4,9
S2275,89,3,2,4,3,5,5,8
S2276,64,10,10,9,7,9,7,3
S2277,70,3,6,7,1,3,10,5
S2278,96,10,10,6,9,9,3,9
S2279,58,3,8,5,6,5,10,1
S2280,58,5,4,9,4,9,5,9
S2281,59,5,2,2,3,10,3,4
S2282,75,4,5,2,3,6,5,4
S2283,90,1,2,9,2,9,3,4
S2284,84,5,2,3,2,7,10,10
S2285,74,10,6,8,10,7,7,9
S2286,75,5,10,9,5,8,1,6
S2287,60,4,9,8,9,7,9,8
S2288,87,6,4,4,2,9,9,4
S2289,51,10,6,1,2,9,5,3
S2290,56,4,7,4,6,6,9,1
S2291,67,7,6,9,10,7,10,10
S2292,76,7,8,2,2,2,6,7
S2293,83,2,4,3,4,9,5,4
S2294,76,3,1,10,6,1,3,8
S2295,66,1,7,8,5,1,8,3
S2296,92,8,3,6,1,3,4,1
S2297,93,9,6,8,6,6,10,5
S2298,100,4,2,7,1,5,3,2
S2299,73,6,9,5,3,2,6,3
S2300,74,9,1,9,10,9,8,6
S2301,56,6,6,4,5,10,9,3
S2302,55,9,6,6,10,4,6,3
S2303,73,4,5,2,5,4,5,6
S2304,82,8,5,2,10,5,2,5
S2305,98,9,1,2,6,8,2,10
S2306,78,4,10,10,10,10,9,9
S2307,92,5,5,7,8,4,2,1
S2308,71,8,2,2,5,5,2,3
S2309,75,10,7,2,1,4,3,3
S2310,77,6,3,9,5,6,3,6
S2311,99,7,4,7,3,3,4,8
S2312,70,3,3,3,4,8,7,3
S2313,98,7,3,3,8,6,9,3
S2314,56,8,4,7,7,10,2,6
S2315,66,10,5,5,5,5,4,8
S2316,69,6,1,10,2,2,9,6
S2317,90,10,4,6,6,10,2,10
S2318,98,9,8,8,6,10,10,3
S2319,69,6,10,9,10,7,1,4
S2320,71,9,7,1,10,2,10,1
S2321,77,4,9,3,6,1,8,8
S2322,89,8,5,7,9,7,9,4
S2323,98,4,10,6,8,5,7,6
S2324,56,2,4,7,8,1,8,3
S2325,50,10,8,8,1,4,4,6
S2326,81,9,9,6,5,4,4,9
S2327,62,5,7,3,7,10,2,9
S2328,79,4,7,2,6,7,8,10
S2329,72,2,5,7,5,9,2,3
S2330,100,1,4,1,8,2,9,3
S2331,68,7,10,3,3,1,4,4
S2332,81,6,1,4,6,2,1,7
S2333,79,2,10,1,5,7,4,3
S2334,78,8,10,5,8,10,3,10
S2335,98,4,7,10,4,6,6,8
S2336,94,8,1,3,8,4,7,8
S2337,78,7,1,2,10,1,8,6
S2338,79,5,5,3,2,1,2,4
S2339,65,10,9,8,9,5,6,5
S2340,89,10,6,6,9,1,6,2
S2341,68,8,3,7,10,7,10,6
S2342,67,9,3,6,10,1,5,3
S2343,50,5,7,6,6,1,10,6
S2344,63,10,6,3,4,2,10,5
S2345,100,5,9,8,4,10,7,2
S2346,96,2,6,7,6,3,3,5
S2347,99,5,5,7,5,1,4,5
S2348,51,3,10,6,6,9,10,9
S2349,77,7,7,5,7,10,9,8
S2350,98,10,1,10,7,8,4,7
S2351,99,5,7,8,9,5,3,3
S2352,79,8,3,5,8,2,2,10
S2353,87,1,9,9,6,5,5,4
S2354,100,3,6,9,6,6,4,6
S2355,53,3,9,1,5,1,8,3
S2356,50,9,5,6,1,4,7,9
S2357,57,5,7,7,9,9,6,8
S2358,78,9,4,3,9,2,2,6
S2359,88,9,7,7,9,5,3,4
S2360,52,1,1,7,8,1,10,7
S2361,81,2,7,2,10,4,9,3
S2362,59,5,8,7,3,4,9,10
S2363,59,4,5,1,1,6,5,8
S2364,68,10,2,5,8,10,3,1
S2365,95,9,5,9,7,9,2,3
S2366,83,7,6,7,5,3,8,5
S2367,82,6,2,7,10,9,6,5
S2368,72,7,6,2,7,6,10,10
S2369,77,1,6,8,10,7,7,2
S2370,81,1,1,3,4,10,1,10
S2371,99,8,1,8,9,2,1,8
S2372,56,2,10,3,10,10,10,5
S2373,78,10,3,10,2,6,2,7
S2374,57,9,10,7,9,6,10,7
S2375,50,7,10,2,9,2,3,5
S2376,52,6,3,4,5,2,1,8
S2377,73,1,4,6,1,2,5,9
S2378,72,1,2,9,7,10,3,4
S2379,57,2,9,5,10,1,1,4
S2380,96,6,10,9,10,5,8,8
S2381,86,6,7,5,4,8,6,1
S2382,52,2,7,10,9,2,9,4
S2383,100,1,6,8,6,5,3,6
S2384,82,10,3,1,3,8,9,4
S2385,77,5,6,7,6,10,9,6
S2386,96,5,8,4,10,5,1,5
S2387,57,2,8,5,6,2,3,9
S2388,83,6,9,6,5,3,6,10
S2389,84,9,1,5,2,6,8,9
S2390,81,2,1,1,10,5,4,4
S2391,73,10,3,9,10,4,5,4
S2392,63,2,3,2,2,4,9,8
S2393,81,3,10,9,7,5,6,10
S2394,95,7,8,10,2,2,7,4
S2395,92,6,10,2,6,9,7,2
S2396,65,8,1,9,5,2,4,2
S2397,53,8,2,6,4,10,4,1
S2398,86,6,2,9,7,2,4,5
S2399,70,10,3,6,8,10,5,6
S2400,63,3,6,6,4,9,5,9
S2401,80,3,1,2,1,3,8,5
S2402,97,1,2,8,1,10,9,6
S2403,67,7,1,3,1,7,2,6
S2404,56,5,5,7,1,4,7,3
S2405,59,4,7,5,5,6,1,4
S2406,56,10,8,3,4,4,1,1
S2407,82,4,10,1,9,10,4,4
S2408,72,4,1,8,3,7,10,1
S2409,70,6,7,3,7,1,7,5
S2410,68,8,5,2,8,3,2,8
S2411,97,8,10,1,6,3,2,8
S2412,68,5,1,4,10,1,1,5
S2413,85,6,3,8,1,6,10,10
S2414,78,4,7,3,8,9,2,2
S2415,67,9,10,1,10,8,7,6
S2416,51,8,1,4,3,7,9,1
S2417,50,10,7,9,8,10,6,7
S2418,96,10,5,1,4,8,10,4
S2419,54,1,1,2,8,6,2,5
S2420,69,2,1,9,1,9,10,6
S2421,60,9,1,2,3,3,10,1
S2422,91,8,9,3,6,10,9,9
S2423,51,3,3,7,9,10,7,10
S2424,52,8,5,3,2,9,1,4
S2425,72,1,10,9,1,4,9,8
S2426,61,10,9,6,10,7,2,5
S2427,69,4,6,3,3,9,4,8
S2428,54,3,9,9,4,2,9,1
S2429,86,6,8,1,5,2,4,8
S2430,87,7,8,10,3,9,3,4
S2431,79,4,1,3,10,3,1,2
S2432,58,7,9,1,2,9,7,6
S2433,83,9,6,2,2,5,6,2
S2434,93,2,9,8,7,6,10,5
S2435,84,3,3,7,9,2,4,2
S2436,71,5,3,2,10,8,6,3
S2437,93,3,6,2,2,9,6,6
S2438,73,8,9,9,7,2,4,1
S2439,66,10,7,6,7,6,6,6
S2440,59,8,3,5,7,6,10,3
S2441,79,8,3,10,3,8,8,7
S2442,95,9,2,6,7,10,3,2
S2443,72,4,9,9,1,5,4,6
S2444,81,5,3,7,10,9,10,8
S2445,66,5,5,10,1,1,1,1
S2446,99,8,9,10,5,9,4,9
S2447,100,7,8,9,2,10,10,5
S2448,66,9,2,4,9,7,10,5
S2449,63,8,3,2,7,4,9,5
S2450,58,2,2,8,4,3,8,6
S2451,89,10,8,4,4,10,4,2
S2452,51,4,6,9,2,6,7,6
S2453,94,6,6,4,5,1,10,4
S2454,74,2,9,8,4,3,3,8
S2455,88,7,8,9,1,2,9,9
S2456,58,3,4,9,8,9,10,9
S2457,71,3,4,10,3,3,4,8
S2458,92,2,9,4,6,2,2,3
S2459,95,8,1,1,4,4,10,10
S2460,53,6,2,3,9,2,5,4
S2461,75,1,2,9,7,1,2,1
S2462,78,1,6,4,9,6,10,9
S2463,94,7,4,5,10,10,6,5
S2464,83,8,10,7,3,8,10,6
S2465,72,5,3,5,1,10,1,3
S2466,86,5,3,4,5,10,6,10
S2467,60,4,3,2,3,2,4,8
S2468,55,6,6,2,6,9,3,7
S2469,67,6,8,4,8,3,2,1
S2470,70,3,7,10,4,8,7,10
S2471,91,9,4,10,5,8,9,5
S2472,85,7,4,9,5,3,3,10
S2473,90,1,10,8,4,3,6,9
S2474,87,7,2,3,4,6,9,6
S2475,83,5,1,9,4,1,2,8
S2476,66,5,9,5,4,4,7,10
S2477,86,2,2,3,4,1,5,1
S2478,74,4,8,5,5,3,5,10
S2479,87,6,9,10,2,9,7,7
S2480,61,10,4,4,2,5,9,3
S2481,72,7,8,8,9,5,4,9
S2482,91,5,9,5,2,4,9,6
S2483,71,9,10,10,6,3,10,5
S2484,70,3,10,8,2,5,9,8
S2485,76,1,5,9,5,4,4,8
S2486,80,4,7,4,4,8,3,3
S2487,55,9,10,7,7,4,2,2
S2488,76,4,4,2,7,8,9,2
S2489,89,2,1,6,6,6,2,5
S2490,83,10,3,8,10,5,6,10
S2491,61,5,5,7,5,4,5,7
S2492,94,3,3,7,1,4,5,8
S2493,56,9,7,8,3,4,4,10
S2494,59,4,9,7,9,9,6,8
S2495,94,6,6,5,1,4,5,8
S2496,66,2,10,7,5,9,4,10
S2497,75,6,1,10,2,10,9,3
S2498,70,3,7,3,4,6,6,2
S2499,77,9,3,5,1,10,10,4
